Name,Author,Year
10-Day Green Smoothie Cleanse,JJ Smith,2016
11/22/63: A Novel,Stephen King,2011
12 Rules for Life: An Antidote to Chaos,Jordan B. Peterson,2018
1984 (Signet Classics),George Orwell,2017
5000 Awesome Facts (About Everything!) (National Geographic Kids),National Geographic Kids,2019
A Dance with Dragons (A Song of Ice and Fire),George R. R. Martin,2011
A Game of Thrones / A Clash of Kings / A Storm of Swords / A Feast of Crows / A Dance with Dragons,George R. R. Martin,2014
A Gentleman in Moscow: A Novel,Amor Towles,2017
A Higher Loyalty: Truth Lies and Leadership,James Comey,2018
A Man Called Ove: A Novel,Fredrik Backman,2016